component 0,component 1,flag,username,timestamp
,,,,2023-08-25 17:28:48.310523
,,,,2023-08-25 17:28:48.324265
,,,,2023-08-25 17:28:48.363941
,,,,2023-08-25 17:28:48.623025
,,,,2023-08-25 17:28:48.642885
,,,,2023-08-25 17:28:48.687906
,,,,2023-08-25 17:28:48.691399
,,,,2023-08-25 17:28:48.697403
,,,,2023-08-25 17:28:48.712591
,,,,2023-08-25 17:28:48.715194
,,,,2023-08-25 17:28:48.992309
,,,,2023-08-25 17:28:49.005156
,,,,2023-08-25 17:28:49.010546
,,,,2023-08-25 17:28:49.025567
,,,,2023-08-25 17:28:49.028084
,,,,2023-08-25 17:28:49.030136
,,,,2023-08-25 17:28:49.035428
,,,,2023-08-25 17:28:49.039538
,,,,2023-08-25 17:28:49.047263
,,,,2023-08-25 17:28:49.230265
,,,,2023-08-25 17:28:49.254989
